original_relative_path,former_repository_path,upstream_path,upstream_commit,url,role,sha256,size_bytes,pointer_reason
you-ve-been-interrupted-unexpectedly-please/work/erdos20-v13/sources/primary_sources/author_repository/lean/Sunflower/Basic.lean,erdos_20/v13/sources/primary_sources/author_repository/lean/Sunflower/Basic.lean,lean/Sunflower/Basic.lean,d4d5723267c662291efdadfa6e7061d919e76fa9,https://github.com/bogdan27182/sunflower-paper/blob/d4d5723267c662291efdadfa6e7061d919e76fa9/lean/Sunflower/Basic.lean,external-author-reference,e1ba5a931216565e81ef69f698849ec1528c6799586f73ffe59ffbc25c9fddc4,5282,Third-party reference source linked upstream; redistribution permission was not granted.
you-ve-been-interrupted-unexpectedly-please/work/erdos20-v13/sources/primary_sources/author_repository/lean/Sunflower/BlockRec.lean,erdos_20/v13/sources/primary_sources/author_repository/lean/Sunflower/BlockRec.lean,lean/Sunflower/BlockRec.lean,d4d5723267c662291efdadfa6e7061d919e76fa9,https://github.com/bogdan27182/sunflower-paper/blob/d4d5723267c662291efdadfa6e7061d919e76fa9/lean/Sunflower/BlockRec.lean,external-author-reference,336be54a1553cb88d5423a5ed84021d77e897542de534a4598f8e7297de6da54,24531,Third-party reference source linked upstream; redistribution permission was not granted.
you-ve-been-interrupted-unexpectedly-please/work/erdos20-v13/sources/primary_sources/author_repository/lean/Sunflower/Blocks.lean,erdos_20/v13/sources/primary_sources/author_repository/lean/Sunflower/Blocks.lean,lean/Sunflower/Blocks.lean,d4d5723267c662291efdadfa6e7061d919e76fa9,https://github.com/bogdan27182/sunflower-paper/blob/d4d5723267c662291efdadfa6e7061d919e76fa9/lean/Sunflower/Blocks.lean,external-author-reference,5b84564c3bd6df2b5fc588d1c9670ae491313637921ee37a5c85485f44133c29,4888,Third-party reference source linked upstream; redistribution permission was not granted.
you-ve-been-interrupted-unexpectedly-please/work/erdos20-v13/sources/primary_sources/author_repository/lean/Sunflower/BoundedGraph.lean,erdos_20/v13/sources/primary_sources/author_repository/lean/Sunflower/BoundedGraph.lean,lean/Sunflower/BoundedGraph.lean,d4d5723267c662291efdadfa6e7061d919e76fa9,https://github.com/bogdan27182/sunflower-paper/blob/d4d5723267c662291efdadfa6e7061d919e76fa9/lean/Sunflower/BoundedGraph.lean,external-author-reference,10dff30a5eb03303e260c3fb38383d3862ac0f53b05a16df809ea94672128352,22872,Third-party reference source linked upstream; redistribution permission was not granted.
you-ve-been-interrupted-unexpectedly-please/work/erdos20-v13/sources/primary_sources/author_repository/lean/Sunflower/CapacityRec.lean,erdos_20/v13/sources/primary_sources/author_repository/lean/Sunflower/CapacityRec.lean,lean/Sunflower/CapacityRec.lean,d4d5723267c662291efdadfa6e7061d919e76fa9,https://github.com/bogdan27182/sunflower-paper/blob/d4d5723267c662291efdadfa6e7061d919e76fa9/lean/Sunflower/CapacityRec.lean,external-author-reference,8cbf6ce5697b2936b85793e7acdd304818c7fa1ecb2213b59e92ffb13324d3be,15306,Third-party reference source linked upstream; redistribution permission was not granted.
you-ve-been-interrupted-unexpectedly-please/work/erdos20-v13/sources/primary_sources/author_repository/lean/Sunflower/Certificates.lean,erdos_20/v13/sources/primary_sources/author_repository/lean/Sunflower/Certificates.lean,lean/Sunflower/Certificates.lean,d4d5723267c662291efdadfa6e7061d919e76fa9,https://github.com/bogdan27182/sunflower-paper/blob/d4d5723267c662291efdadfa6e7061d919e76fa9/lean/Sunflower/Certificates.lean,external-author-reference,e35106fc612ddec5679e871122b0138f049e444f0220e27a553ae99cd5ae1b2e,19553,Third-party reference source linked upstream; redistribution permission was not granted.
you-ve-been-interrupted-unexpectedly-please/work/erdos20-v13/sources/primary_sources/author_repository/lean/Sunflower/CrossGraphs.lean,erdos_20/v13/sources/primary_sources/author_repository/lean/Sunflower/CrossGraphs.lean,lean/Sunflower/CrossGraphs.lean,d4d5723267c662291efdadfa6e7061d919e76fa9,https://github.com/bogdan27182/sunflower-paper/blob/d4d5723267c662291efdadfa6e7061d919e76fa9/lean/Sunflower/CrossGraphs.lean,external-author-reference,82bd7d5447b146c5c99de1e3f27697b657d5833a6a6a91850e724d462721ac48,29204,Third-party reference source linked upstream; redistribution permission was not granted.
you-ve-been-interrupted-unexpectedly-please/work/erdos20-v13/sources/primary_sources/author_repository/lean/Sunflower/Defs.lean,erdos_20/v13/sources/primary_sources/author_repository/lean/Sunflower/Defs.lean,lean/Sunflower/Defs.lean,d4d5723267c662291efdadfa6e7061d919e76fa9,https://github.com/bogdan27182/sunflower-paper/blob/d4d5723267c662291efdadfa6e7061d919e76fa9/lean/Sunflower/Defs.lean,external-author-reference,cce2d18c4b12cdbe09fa9ee0d53d317f2709386239152896dc25b088d47f8e75,4024,Third-party reference source linked upstream; redistribution permission was not granted.
you-ve-been-interrupted-unexpectedly-please/work/erdos20-v13/sources/primary_sources/author_repository/lean/Sunflower/F34.lean,erdos_20/v13/sources/primary_sources/author_repository/lean/Sunflower/F34.lean,lean/Sunflower/F34.lean,d4d5723267c662291efdadfa6e7061d919e76fa9,https://github.com/bogdan27182/sunflower-paper/blob/d4d5723267c662291efdadfa6e7061d919e76fa9/lean/Sunflower/F34.lean,external-author-reference,352a2ee693355652162dcc970e764404bc96068401b79e4daafed3f03d252c51,3073,Third-party reference source linked upstream; redistribution permission was not granted.
you-ve-been-interrupted-unexpectedly-please/work/erdos20-v13/sources/primary_sources/author_repository/lean/Sunflower/F36.lean,erdos_20/v13/sources/primary_sources/author_repository/lean/Sunflower/F36.lean,lean/Sunflower/F36.lean,d4d5723267c662291efdadfa6e7061d919e76fa9,https://github.com/bogdan27182/sunflower-paper/blob/d4d5723267c662291efdadfa6e7061d919e76fa9/lean/Sunflower/F36.lean,external-author-reference,44e5a10aa936a9d302ce4ed442540944022a7ed9a22da432d2e5df5e45f57df2,4132,Third-party reference source linked upstream; redistribution permission was not granted.
you-ve-been-interrupted-unexpectedly-please/work/erdos20-v13/sources/primary_sources/author_repository/lean/Sunflower/F37.lean,erdos_20/v13/sources/primary_sources/author_repository/lean/Sunflower/F37.lean,lean/Sunflower/F37.lean,d4d5723267c662291efdadfa6e7061d919e76fa9,https://github.com/bogdan27182/sunflower-paper/blob/d4d5723267c662291efdadfa6e7061d919e76fa9/lean/Sunflower/F37.lean,external-author-reference,423e794d8eeea7091bf8769ce99622d84fc615b8b1133f1dda263726fb8c669f,4863,Third-party reference source linked upstream; redistribution permission was not granted.
you-ve-been-interrupted-unexpectedly-please/work/erdos20-v13/sources/primary_sources/author_repository/lean/Sunflower/F43.lean,erdos_20/v13/sources/primary_sources/author_repository/lean/Sunflower/F43.lean,lean/Sunflower/F43.lean,d4d5723267c662291efdadfa6e7061d919e76fa9,https://github.com/bogdan27182/sunflower-paper/blob/d4d5723267c662291efdadfa6e7061d919e76fa9/lean/Sunflower/F43.lean,external-author-reference,3c593d83228f871ba9ac6d830c196e30f6f50372555e567b8d1b02164c651bf5,1754,Third-party reference source linked upstream; redistribution permission was not granted.
you-ve-been-interrupted-unexpectedly-please/work/erdos20-v13/sources/primary_sources/author_repository/lean/Sunflower/GraphBound.lean,erdos_20/v13/sources/primary_sources/author_repository/lean/Sunflower/GraphBound.lean,lean/Sunflower/GraphBound.lean,d4d5723267c662291efdadfa6e7061d919e76fa9,https://github.com/bogdan27182/sunflower-paper/blob/d4d5723267c662291efdadfa6e7061d919e76fa9/lean/Sunflower/GraphBound.lean,external-author-reference,a316f8b8f31284fb5243c32cb86425127f8fba64632b163009911e8ead2ed3f2,3467,Third-party reference source linked upstream; redistribution permission was not granted.
you-ve-been-interrupted-unexpectedly-please/work/erdos20-v13/sources/primary_sources/author_repository/lean/Sunflower/GraphWitness.lean,erdos_20/v13/sources/primary_sources/author_repository/lean/Sunflower/GraphWitness.lean,lean/Sunflower/GraphWitness.lean,d4d5723267c662291efdadfa6e7061d919e76fa9,https://github.com/bogdan27182/sunflower-paper/blob/d4d5723267c662291efdadfa6e7061d919e76fa9/lean/Sunflower/GraphWitness.lean,external-author-reference,eace1a5d39139efee7c20a1a5ec33ca1f959ed7ae26f4a9a62944836642cde96,3390,Third-party reference source linked upstream; redistribution permission was not granted.
you-ve-been-interrupted-unexpectedly-please/work/erdos20-v13/sources/primary_sources/author_repository/lean/Sunflower/Product.lean,erdos_20/v13/sources/primary_sources/author_repository/lean/Sunflower/Product.lean,lean/Sunflower/Product.lean,d4d5723267c662291efdadfa6e7061d919e76fa9,https://github.com/bogdan27182/sunflower-paper/blob/d4d5723267c662291efdadfa6e7061d919e76fa9/lean/Sunflower/Product.lean,external-author-reference,2a94262a7f379c3d84a5eb3bcac2550023ef537daeeb4e9fbe7de34b613df487,6938,Third-party reference source linked upstream; redistribution permission was not granted.
you-ve-been-interrupted-unexpectedly-please/work/erdos20-v13/sources/primary_sources/author_repository/lean/Sunflower/Rate.lean,erdos_20/v13/sources/primary_sources/author_repository/lean/Sunflower/Rate.lean,lean/Sunflower/Rate.lean,d4d5723267c662291efdadfa6e7061d919e76fa9,https://github.com/bogdan27182/sunflower-paper/blob/d4d5723267c662291efdadfa6e7061d919e76fa9/lean/Sunflower/Rate.lean,external-author-reference,02529d17f0238c10790c4f4588c554afb79a10d1c585fd7450fe0a71b089ffb3,10023,Third-party reference source linked upstream; redistribution permission was not granted.
you-ve-been-interrupted-unexpectedly-please/work/erdos20-v13/sources/primary_sources/author_repository/lean/Sunflower/RateValues.lean,erdos_20/v13/sources/primary_sources/author_repository/lean/Sunflower/RateValues.lean,lean/Sunflower/RateValues.lean,d4d5723267c662291efdadfa6e7061d919e76fa9,https://github.com/bogdan27182/sunflower-paper/blob/d4d5723267c662291efdadfa6e7061d919e76fa9/lean/Sunflower/RateValues.lean,external-author-reference,fc83afa134490e6d1aa9fe16ca4293dc3a86cba154ed07df22e620a24d60465a,4323,Third-party reference source linked upstream; redistribution permission was not granted.
you-ve-been-interrupted-unexpectedly-please/work/erdos20-v13/sources/primary_sources/author_repository/lean/Sunflower/Split.lean,erdos_20/v13/sources/primary_sources/author_repository/lean/Sunflower/Split.lean,lean/Sunflower/Split.lean,d4d5723267c662291efdadfa6e7061d919e76fa9,https://github.com/bogdan27182/sunflower-paper/blob/d4d5723267c662291efdadfa6e7061d919e76fa9/lean/Sunflower/Split.lean,external-author-reference,d7753ec1b4203498bddc3205c2bda2ae909a902e43c7dc38357303beb2fd4059,7656,Third-party reference source linked upstream; redistribution permission was not granted.
you-ve-been-interrupted-unexpectedly-please/work/erdos20-v13/sources/primary_sources/author_repository/lean/Sunflower/Transport.lean,erdos_20/v13/sources/primary_sources/author_repository/lean/Sunflower/Transport.lean,lean/Sunflower/Transport.lean,d4d5723267c662291efdadfa6e7061d919e76fa9,https://github.com/bogdan27182/sunflower-paper/blob/d4d5723267c662291efdadfa6e7061d919e76fa9/lean/Sunflower/Transport.lean,external-author-reference,de90630f458231179d21787bb81dbcf01c688dae3c46e520c3c8185e01865620,10458,Third-party reference source linked upstream; redistribution permission was not granted.
you-ve-been-interrupted-unexpectedly-please/work/erdos20-v13/sources/primary_sources/author_repository/lean/Sunflower/TripleUpper.lean,erdos_20/v13/sources/primary_sources/author_repository/lean/Sunflower/TripleUpper.lean,lean/Sunflower/TripleUpper.lean,d4d5723267c662291efdadfa6e7061d919e76fa9,https://github.com/bogdan27182/sunflower-paper/blob/d4d5723267c662291efdadfa6e7061d919e76fa9/lean/Sunflower/TripleUpper.lean,external-author-reference,d8ce4e342e6a616a875c7130d2860952ddd7d8a4810ebfc9ae05c5e4c40fdd3b,30840,Third-party reference source linked upstream; redistribution permission was not granted.
you-ve-been-interrupted-unexpectedly-please/work/erdos20-v13/sources/primary_sources/author_repository/lean/Sunflower.lean,erdos_20/v13/sources/primary_sources/author_repository/lean/Sunflower.lean,lean/Sunflower.lean,d4d5723267c662291efdadfa6e7061d919e76fa9,https://github.com/bogdan27182/sunflower-paper/blob/d4d5723267c662291efdadfa6e7061d919e76fa9/lean/Sunflower.lean,external-author-reference,6a83719b0d0aedddf1d3e8b1ab716293b6467c46e32fab1208202de3470c749c,509,Third-party reference source linked upstream; redistribution permission was not granted.
